key,name,type,district,lat,lng,address,homepage,ingest_method,endpoint_url,osm_id,clearance,crawl_delay_s,robots_checked_at
about_blank,://about blank,club,Friedrichshain,52.5024767,13.466302,Markgrafendamm 24c 10245,https://aboutblank.li,html_llm,https://aboutblank.li,node/5906879511,green,5.0,2026-08-01T10:32:57+00:00
beate_uwe,Beate Uwe,club,Mitte,52.5174812,13.419024,Schillingstraße 31 10179,https://beate-uwe.de,html_llm,https://beate-uwe.de,node/4217156190,green,5.0,2026-08-01T10:32:57+00:00
berghain,Berghain,club,Friedrichshain,52.5111669,13.4430356,Am Wriezener Bahnhof 10243,https://www.berghain.de,html_llm,https://berghain.berlin/de/program/,node/6341225967,green,5.0,2026-08-01T10:32:57+00:00
berghain_kantine,Berghain Kantine,club,Friedrichshain,52.5115255,13.4424598,Am Wriezener Bahnhof 10243,https://www.berghain.berlin/de/program/kantine-am-berghain,html_llm,https://www.berghain.berlin/de/program/,way/286165789,green,5.0,2026-08-01T10:32:57+00:00
else,Else,club,Alt-Treptow,52.4952235,13.4627988,An den Treptowers 10 12435,http://else.tv,html_llm,http://else.tv,way/232536532,green,5.0,2026-08-01T10:32:57+00:00
fitzroy,Fitzroy,club,,52.5130757,13.4228651,Holzmarktstraße 15—18 10179,https://fitzroy-berlin.de,html_llm,https://fitzroy-berlin.de/events/,node/10621062970,green,5.0,2026-08-01T10:32:57+00:00
golden_gate,Golden Gate,club,,52.5159809,13.4169278,,https://www.goldengate-berlin.de,html_llm,https://www.goldengate-berlin.de,way/72984386,green,5.0,2026-08-01T10:32:57+00:00
gretchen,Gretchen,club,,52.4960412,13.3875425,Obentrautstraße 19-21 10963,https://www.gretchen-club.de,html_llm,https://www.gretchen-club.de/detail.php?id=3486,way/36908987,green,5.0,2026-08-01T10:32:57+00:00
humboldthain_club,Humboldthain Club,club,,52.5441625,13.3787124,Hochstraße 46 13357,https://www.humboldthain.com,html_llm,https://www.humboldthain.com,node/373095675,green,5.0,2026-08-01T10:32:57+00:00
kater_blau,Kater Blau,club,Friedrichshain,52.5119241,13.425333,Holzmarktstraße 25 10243,http://www.katerblau.de,html_llm,http://www.katerblau.de,way/293386107,green,5.0,2026-08-01T10:32:57+00:00
matrix,Matrix,club,Friedrichshain,52.5046782,13.4490212,Warschauer Platz 18 10245,https://www.matrix-berlin.de,html_llm,https://www.matrix-berlin.de/party-in-berlin/,node/339749949,green,5.0,2026-08-01T10:32:57+00:00
maxxim_club,Maxxim Club,club,Charlottenburg,52.5019061,13.3308361,Joachimsthaler Straße 15 10719,https://www.maxxim-berlin.de,html_llm,https://www.maxxim-berlin.de/partys,node/2347398754,green,5.0,2026-08-01T10:32:57+00:00
ohm,Ohm,club,Mitte,52.5105954,13.4197888,Köpenicker Straße 70 10179,https://ohmberlin.com,html_llm,https://ohmberlin.com,node/2876098523,green,5.0,2026-08-01T10:32:57+00:00
panke,Panke,club,Gesundbrunnen,52.545002,13.37422,Gerichtstraße 23 13347,https://www.pankeculture.com,html_llm,https://www.pankeculture.com/programme/,way/119172796,green,5.0,2026-08-01T10:32:57+00:00
prince_charles,Prince Charles,club,,52.5032996,13.4087274,Prinzenstraße 85f 10969,https://www.princecharlesberlin.com,html_llm,https://www.princecharlesberlin.com,node/1370001597,green,5.0,2026-08-01T10:32:57+00:00
revier_sudost,Revier Südost,club,Niederschöneweide,52.4599968,13.5052662,Schnellerstraße 137 12439,https://reviersuedost.de,html_llm,https://reviersuedost.de,node/9216819283,green,5.0,2026-08-01T10:32:57+00:00
ritter_butzke,Ritter Butzke,club,Kreuzberg,52.5030121,13.4081361,Ritterstraße 26 10969,https://club.ritterbutzke.com,html_llm,https://club.ritterbutzke.com/events,node/979969868,green,5.0,2026-08-01T10:32:57+00:00
sisyphos,Sisyphos,club,Rummelsburg,52.4933409,13.4918731,Hauptstraße 15 10317,http://www.sisyphos-berlin.net,html_llm,http://www.sisyphos-berlin.net,way/148829988,green,5.0,2026-08-01T10:32:57+00:00
tresor_berlin,Tresor Berlin,club,Mitte,52.5106807,13.419484,Köpenicker Straße 70 10179,https://tresorberlin.com,html_llm,https://tresorberlin.com/club/events/,node/4870128450,green,5.0,2026-08-01T10:32:57+00:00
void,Void,club,Lichtenberg,52.5075429,13.4758087,Wiesenweg 5 10365,http://www.void-club.de,html_llm,http://www.void-club.de,node/3610779779,green,5.0,2026-08-01T10:32:57+00:00
zur_wilden_renate,Zur Wilden Renate,club,Friedrichshain,52.4973901,13.4653065,Alt-Stralau 70 10245,https://www.renate.cc,html_llm,https://www.renate.cc,node/485640732,green,5.0,2026-08-01T10:32:57+00:00
badehaus,Badehaus,club,Friedrichshain,52.507579,13.4551503,Revaler Straße 99 10245,http://www.badehaus-berlin.com,ics,http://www.badehaus-berlin.com/events.ics,way/123019464,green,5.0,2026-08-01T10:32:57+00:00
hole44,Hole⁴⁴,club,Neukölln,52.4643506,13.4333842,Hermannstraße 146 12051,https://hole-berlin.de,ics,https://hole-berlin.de/events.ics,node/2435092394,green,5.0,2026-08-01T10:32:57+00:00
huxleys_neue_welt,Huxleys Neue Welt,club,Neukölln,52.4864896,13.4217418,Hasenheide 107-113 10967,https://huxleysneuewelt.com,ics,https://huxleysneuewelt.com/events.ics,node/975700421,green,5.0,2026-08-01T10:32:57+00:00
metropol,Metropol,club,,52.4989536,13.3527039,Nollendorfplatz 5 10777,https://metropol-berlin.de,ics,https://metropol-berlin.de/events.ics,way/379305718,green,5.0,2026-08-01T10:32:57+00:00
quasimodo,Quasimodo,club,Charlottenburg,52.5059347,13.3283712,Kantstraße 12A 10623,https://quasimodo.club,ics,https://quasimodo.club/events.ics,node/293644418,green,5.0,2026-08-01T10:32:57+00:00
800a,800A,venue,,52.553832,13.3873281,Stettiner Straße 19 13357,https://www.800aberlin.com,jsonld,https://www.800aberlin.com/events/the-naked-flamingos-thd-Aug-01,node/9823829856,green,5.0,2026-08-01T12:18:25+00:00
a_trane,A-Trane,venue,Charlottenburg,52.5073394,13.3200854,Bleibtreustraße 1 10625,https://www.a-trane.de,jsonld,https://www.a-trane.de,node/3922914841,green,5.0,2026-08-01T12:17:14+00:00
astra_kulturhaus,Astra Kulturhaus,club,Friedrichshain,52.5073283,13.4518161,Revaler Straße 99 10245,https://www.astra-berlin.de,jsonld,https://www.astra-berlin.de/events/2026-08-08-queer-westling-circus,way/45001955,green,5.0,2026-08-01T10:32:57+00:00
b_flat,b-flat,club,Mitte,52.5235538,13.4069893,Dircksenstraße 40 10178,http://b-flat-berlin.de,jsonld,http://b-flat-berlin.de/events/mcg5sn3pdyxhzz9-wbt6h-kcd6x-r7daf-h2mgc-f6lxm-awap9-jgaxk-338m3-5rsjr-6m3wz-hx5y4-ewx7f-l8jg5-3hgbt-7339d-h76fn-mh9w4-tmjl2-33mrm-ddmnt-3tne9-xh5tr-h8r9t,node/1820069776,green,5.0,2026-08-01T10:32:57+00:00
bi_nuu,Bi Nuu,club,,52.5007558,13.4414613,,http://www.bi-nuu.de,jsonld,http://www.bi-nuu.de/de/events/aufm93tii76xvp5,node/1667559178,green,5.0,2026-08-01T10:32:57+00:00
duke_bar,duke bar,venue,,52.447804,13.5769322,Freiheit 15 12555,https://freiheit15.com,jsonld,https://freiheit15.com/kulturwelt,node/6295530685,green,5.0,2026-08-01T12:19:45+00:00
lido,Lido,club,Kreuzberg,52.4992172,13.4450748,Cuvrystraße 7 10997,https://www.lido-berlin.de,jsonld,https://www.lido-berlin.de/events/2026-08-01-dancing-with-myself-,node/360111407,green,5.0,2026-08-01T10:32:57+00:00
privatclub,Privatclub,club,Kreuzberg,52.5000715,13.4348491,Skalitzer Straße 85-86 10997,http://www.privatclub-berlin.de,jsonld,http://www.privatclub-berlin.de,node/2147941967,green,5.0,2026-08-01T10:32:57+00:00
so36,SO36,club,Kreuzberg,52.5003909,13.4221612,Oranienstraße 190 10999,https://www.so36.de,jsonld,https://www.so36.com/produkte/95808-tickets-kraftklub-k-i-z-party-so36-berlin-am-12-09-2026,node/4034138645,green,5.0,2026-08-01T10:32:57+00:00
soda_club,Soda Club,club,Prenzlauer Berg,52.5395232,13.4142448,Knaackstraße 97 10435,https://www.soda-berlin.de,jsonld,https://www.soda-berlin.de/de/events/sodalicious-01-08-2026,node/1165008486,green,5.0,2026-08-01T10:32:57+00:00
1820,1820,club,Mitte,52.526786,13.4107036,Rosa-Luxemburg-Straße 41 10178,https://www.belushis.com/bars/berlin,rss,https://www.belushis.com/events/feed/,node/736787851,green,5.0,2026-08-01T10:32:57+00:00
bademeister,Bademeister,venue,,52.5506028,13.4660866,Bizetstraße 143 13088,https://bademeisterbar.de,rss,https://bademeisterbar.de/events/feed/,node/9397557434,green,5.0,2026-08-01T12:17:08+00:00
bar_solut,Bar Solut,venue,Wedding,52.5448883,13.3613469,Müllerstraße 157 13353,http://barsolut.de,rss,http://barsolut.de/events/feed/,node/2483768468,green,5.0,2026-08-01T12:17:16+00:00
belushi_s,Belushi's,venue,Mitte,52.5236046,13.3910427,Ziegelstraße 28 10117,https://belushis.com/berlin-mitte-ziegelstrase,rss,https://belushis.com/events/feed/,node/7101244895,green,5.0,2026-08-01T12:17:33+00:00
belushi_s_berlin,Belushi's Berlin,venue,Mitte,52.5268736,13.4106518,Rosa-Luxemburg-Straße 41 10178,http://www.belushis.com/bars/berlin,rss,http://www.belushis.com/events/feed/,node/3895249257,green,5.0,2026-08-01T12:17:33+00:00
fabelei,Fabelei,venue,,52.4935533,13.3520538,Kyffhäuserstraße 21 10781,http://fabelei.com,rss,http://fabelei.com/events/feed/,node/6280799258,green,5.0,2026-08-01T12:19:12+00:00
falscher_fisch,Falscher Fisch,club,,52.4775471,13.4594974,Ziegrastraße 1 12057,https://falscherfisch.net,rss,https://falscherfisch.net/events/feed/,node/11066768896,green,5.0,2026-08-01T10:32:57+00:00
hintersee,Hintersee,venue,Prenzlauer Berg,52.5476458,13.4151827,Greifenhagener Straße 55 10437,http://www.hintersee-bar.de,rss,http://www.hintersee-bar.de/events/feed/,node/1244655179,green,5.0,2026-08-01T12:19:50+00:00
interkosmos,interkosmos,venue,Lichtenberg,52.5140772,13.4983885,Fanningerstraße 47 10365,https://www.interkosmos.cc,rss,https://www.interkosmos.cc/events/feed/,node/7757108364,green,5.0,2026-08-01T12:20:16+00:00
isotop,Isotop,venue,Tiergarten,52.5014222,13.3620801,Pohlstraße 64 10785,http://www.isotop-berlin.de,rss,http://www.isotop-berlin.de/events/feed/,node/6845042072,green,5.0,2026-08-01T12:20:16+00:00
blasmusikfreunde_kopenick_e_v,Blasmusikfreunde Köpenick e.V.,club,,52.41161,13.5882902,,http://www.blasmusikfreunde-koepenick.de,wp_rest,http://www.blasmusikfreunde-koepenick.de/wp-json/tribe/events/v1/events,node/9606334442,green,5.0,2026-08-01T10:32:57+00:00
comedy_cafe_berlin,Comedy Café Berlin,venue,,52.480241,13.446892,Roseggerstraße 17 12059,https://comedycafeberlin.com,wp_rest,https://comedycafeberlin.com/wp-json/tribe/events/v1/events,node/4188134452,green,5.0,2026-08-01T12:17:55+00:00
yaam,yaam,club,Friedrichshain,52.5091814,13.4306684,An der Schillingbrücke 3 10243,https://www.yaam.de,wp_rest,https://www.yaam.de/wp-json/tribe/events/v1/events,way/42163697,green,5.0,2026-08-01T10:32:57+00:00
